Quantity,Item Title
2,CND Creative Enhancements NailFresh Temporary Nail Dehydrator 1fl oz
1,CND Vinylux Long Wear Nail Polish 5oz/15mL Secret Diary
1,CODI Hand & Body Lotion 25fl oz/750mL  *Pick Any Scent*[Olive]
1,Chaun Legend Professional Gel Polish 0.5fl oz/15mL Advance Formula & Brush NEW[LG5001 - Lactose Intolerant]
1,DND DC Nail Lacquer #2460 - Coconut Silk (LACQUER ONLY)
1,DND DUO DIVA GEL & LACQUER #250 - Cedar Brown
1,DND DUO Matching Gel & Lacquer #693 - Sugar Spun
1,DND DUO Matching Gel & Lacquer #719 - Tutti Frutti
1,DND DUO Matching Gel & Lacquer #741 - Diamond Eyes
1,DND DUO Matching Gel & Lacquer *Pick Any* (PART 2 #601-799)[#615 - Honey Beige]
1,DND DUO Matching Gel & Lacquer *Pick Any* (PART 2 #601-799)[#630 - Boysenberry]
1,DND DUO Matching Gel & Lacquer *Pick Any* (PART 2 #601-799)[#648 - Strawberry Bubble]
1,DND DUO Matching Gel & Lacquer *Pick Any* (PART 2 #601-799)[#671 - Blue Hawaiian]
1,DND DUO Matching Gel & Lacquer *Pick Any* (PART 2 #601-799)[#690 - Hot Lava]
1,DND Duo Gel & Lacquer Clear Pink # 441 - Brand new
1,DND Duo Matching Soak-Off Gel & Nail Polish - #879 - Sunset Suede
1,DND Gel Polish UV/LED #441 - Clear Pink (GEL ONLY)
1,Gelish Soak-Off Gel Polish 0.5 fl oz/15mL 1110031 - WONDER WOMAN
1,Harmony Gelish Duo Base And No Wipe Top Coat On sale
1,OPI Nail Polish 0.5 fl oz - NLB56 Mod About You
1,OPI Nail Polish 0.5 fl oz - NLC89 Chocolate Moose
1,OPI Nail Polish 0.5 fl oz - NLF82 Getting Nadi On My Honeymoon
1,"OPI Nail Polish 0.5 fl oz - NLH012 Emmy, have you seen Oscar?"
1,OPI Nail Polish 0.5 fl oz - NLM23 Strawberry Margarita
1,OPI Nail Polish 0.5 fl oz - NLP32 Seven Wonders of OPI
1,OPI STAR LIGHT Gel Lamp Nail LED BRAND NEW
2,Orly Nail Polish - Bare Rose #22005- 0.6 oz  French Color
1,"x2 Gigi Anesthetic Numbing Spray, 1.5 Ounce"
